ambient_temp,output_current,output_voltage,operation_hours,failure_count_last_30_days,is_failed_next_7_days
37.484,10.799,386.496,3092.192,1,0
34.309,9.849,397.11,4139.615,2,0
38.238,8.119,384.152,4586.394,0,0
42.615,6.706,393.841,6887.688,1,0
33.829,9.396,362.128,5556.553,0,0
33.829,8.787,404.266,3664.518,0,0
42.896,9.79,400.024,5486.036,1,1
38.837,9.27,383.658,3452.696,0,0
32.653,10.099,413.185,6082.691,2,0
37.713,6.93,418.751,4528.875,1,0
32.683,10.635,367.849,4906.364,0,0
32.671,8.395,384.746,6325.797,0,1
36.21,12.151,384.617,3712.836,1,0
25.434,6.622,381.202,3602.882,0,0
26.375,11.472,416.589,4416.401,2,0
32.189,8.396,396.123,6038.379,1,1
29.936,6.697,394.71,3480.654,1,0
36.571,7.032,359.923,2167.844,1,0
30.46,7.359,412.708,4548.841,0,0
27.938,8.848,375.215,5551.741,0,0
42.328,9.046,401.199,6200.262,0,1
33.871,6.853,405.548,4536.839,0,0
35.338,7.951,427.213,4588.573,5,1
27.876,12.285,373.824,6153.901,0,0
32.278,11.455,339.61,3130.258,1,0
35.555,8.873,403.677,4611.479,1,1
29.245,8.076,436.01,5190.424,0,0
36.878,8.24,424.779,5449.219,0,0
31.997,9.227,404.193,4490.193,1,0
33.542,5.954,390.167,5034.441,2,0
31.991,7.485,416.142,2511.673,1,0
44.261,4.663,380.529,4341.752,0,0
34.933,8.798,409.527,5453.509,2,0
29.711,9.294,410.109,4017.706,0,0
39.113,7.034,421.204,5058.984,0,0
28.896,11.148,455.193,5446.873,1,0
36.044,5.548,407.848,4657.451,1,0
25.202,5.071,389.821,5170.464,2,0
28.359,8.449,399.489,4037.267,0,0
35.984,10.094,364.618,4793.389,2,0
38.692,11.368,386.106,5610.216,3,1
35.857,7.082,391.814,5156.973,0,0
34.422,10.157,389.518,4413.469,0,0
33.494,7.923,403.047,5224.216,0,0
27.607,7.655,383.552,5714.61,3,0
31.401,9.767,422.421,2950.059,0,0
32.697,9.305,400.004,6159.074,1,0
40.286,4.847,399.814,4663.745,0,0
36.718,10.953,393.442,5425.49,1,0
26.185,10.76,403.104,6197.247,0,0
36.62,6.749,416.502,3628.326,1,0
33.075,8.792,382.657,4290.559,1,0
31.615,8.988,386.838,4711.451,0,0
38.058,8.521,393.925,4216.246,0,0
40.155,6.899,373.083,6734.937,1,0
39.656,6.657,383.615,4143.228,1,1
30.804,7.949,390.476,4444.453,0,0
33.454,10.345,417.488,5204.389,1,0
36.656,9.087,405.251,3797.85,1,0
39.878,7.259,403.872,4604.319,2,0
32.604,9.543,417.018,5317.453,1,0
34.072,2.303,397.253,4667.14,4,0
29.468,10.298,407.809,4906.613,1,0
29.019,4.521,397.936,4470.668,0,0
39.063,7.275,405.307,3485.53,3,0
41.781,5.761,388.345,5321.593,2,0
34.64,5.411,351.224,6754.933,1,0
40.018,10.322,397.314,5018.402,0,0
36.808,7.065,428.455,5225.264,4,0
31.774,8.693,418.524,5692.723,1,0
36.807,7.906,419.308,3730.67,1,1
42.69,8.954,424.723,6702.515,1,1
34.821,8.154,401.773,5202.329,0,0
42.823,5.434,403.946,6631.857,1,0
21.901,9.993,387.647,4266.967,1,0
39.11,7.012,393.679,6818.062,1,0
35.435,4.887,412.315,5775.155,0,0
33.505,7.144,424.078,5553.04,0,0
35.459,11.002,397.211,5234.024,1,0
25.062,9.7,390.996,4751.471,0,1
33.902,7.303,400.011,6200.532,1,0
36.786,7.301,412.024,5140.36,2,0
42.389,7.357,371.123,3032.93,2,0
32.409,12.153,354.076,3882.814,1,1
30.958,8.764,388.989,4814.154,1,0
32.491,8.86,375.586,5309.999,2,1
39.577,10.061,389.837,4943.412,1,0
36.644,8.478,397.044,6218.971,1,1
32.351,7.482,390.935,3048.898,3,1
37.566,7.607,429.049,5143.588,2,1
35.485,7.857,406.535,3182.021,2,1
39.843,7.926,406.009,5759.712,0,0
31.49,9.455,412.444,4905.541,2,1
33.362,8.104,377.223,5419.61,1,0
33.039,9.465,420.782,4136.117,1,0
27.682,7.839,398.485,6279.465,2,0
36.481,8.157,413.41,6041.725,2,1
36.305,4.004,378.563,5583.544,2,0
35.026,9.833,368.925,4870.483,0,0
33.827,8.693,416.358,5579.857,0,0
27.923,9.996,407.528,4293.107,0,0
32.897,2.207,381.959,5855.556,2,1
33.286,12.177,382.607,6649.481,0,0
30.989,7.721,422.509,6070.611,0,0
34.194,10.216,376.212,4270.398,1,0
37.02,5.92,432.853,5361.417,2,1
44.431,9.226,381.988,3706.858,2,0
35.873,5.893,412.768,5572.39,1,0
36.288,6.752,393.428,5450.603,0,0
34.628,11.828,412.064,3130.184,1,0
25.406,7.619,389.118,3838.216,0,0
34.867,8.435,396.744,4716.861,0,0
35.301,9.74,400.818,4699.14,0,0
47.316,8.991,379.956,3790.523,1,0
34.038,8.301,414.816,5388.979,1,0
36.508,8.73,389.736,5251.474,1,0
34.826,12.807,395.428,4805.731,1,0
29.157,7.885,380.113,4244.208,2,0
40.714,8.402,348.753,6048.707,1,0
38.76,10.101,396.179,6655.407,1,1
38.955,10.211,448.252,4516.439,1,0
30.453,10.374,415.692,4387.833,3,0
42.014,9.277,399.615,5491.208,1,0
27.991,5.714,394.742,4641.971,1,0
37.934,11.267,400.449,4860.603,1,0
45.952,5.707,410.942,5739.653,0,0
30.047,8.605,376.384,3090.644,2,1
32.169,6.491,422.286,6318.302,1,0
35.498,7.872,414.308,5072.681,0,0
32.483,8.658,414.364,4588.507,1,0
27.247,8.643,408.77,4910.766,0,0
35.343,8.844,400.392,4962.429,0,0
29.688,11.227,413.457,3268.799,0,0
37.368,8.907,411.836,6494.938,0,1
30.403,7.512,392.919,5041.326,2,1
42.75,9.928,388.528,5443.002,2,1
31.084,10.379,402.037,5951.55,2,0
33.39,5.545,430.98,3978.838,0,0
39.068,9.195,375.218,5473.472,2,0
28.846,9.402,370.649,4732.359,0,0
36.137,7.405,403.295,5846.771,1,0
41.536,10.751,401.018,2872.773,2,0
26.963,7.7,403.467,4900.906,1,0
35.923,8.251,404.879,4397.179,1,0
36.299,7.654,395.536,5432.263,3,1
38.909,8.031,429.797,5470.044,0,0
28.815,5.807,367.982,4292.374,2,0
28.398,5.12,383.43,4287.826,2,0
37.61,11.189,397.935,4889.335,1,0
36.485,6.306,367.136,4103.358,1,0
36.252,6.017,396.483,5841.984,1,1
36.732,3.693,433.229,4630.793,2,0
31.6,6.722,400.418,2093.012,0,0
36.161,5.354,404.614,4625.178,1,0
36.465,11.284,374.797,3961.456,0,0
31.428,10.02,387.673,3368.724,1,0
44.329,6.624,392.496,3762.573,0,0
37.369,12.505,393.646,5109.408,1,0
29.043,9.964,425.633,6328.641,2,1
38.283,7.35,411.154,5313.184,1,0
30.127,3.001,377.771,4393.497,2,0
38.935,12.582,404.93,5455.904,1,0
40.793,5.221,409.964,4540.91,0,0
30.897,4.709,422.803,4305.4,1,0
39.817,10.045,431.611,3845.637,1,0
37.064,12.88,379.698,3248.171,2,0
39.11,10.769,383.783,4610.076,0,0
44.484,9.128,374.848,5158.053,3,0
33.773,9.19,395.32,4903.376,1,0
31.231,9.707,409.327,4584.033,0,0
30.552,9.518,419.747,4054.254,1,1
30.921,8.562,398.481,5608.246,0,0
34.614,8.208,393.603,3682.868,1,0
36.706,7.875,403.035,5776.028,0,0
36.383,6.492,383.297,3997.783,1,0
39.136,7.439,441.791,4247.565,0,0
35.065,4.614,367.847,3533.215,0,0
42.268,7.803,403.695,4498.598,2,0
33.677,6.023,440.472,5975.312,2,0
48.601,5.793,400.136,5515.628,2,1
38.128,8.36,396.199,5978.422,0,0
30.714,10.784,392.851,5522.143,1,0
29.646,9.837,396.392,3896.33,2,0
37.412,4.859,427.457,4669.211,1,0
33.883,6.021,355.763,4219.801,2,0
38.57,9.882,430.669,6330.575,0,0
37.366,6.035,371.521,3803.211,1,0
34.636,7.551,394.667,5893.698,0,0
30.766,9.1,391.415,5892.954,0,0
27.426,6.063,411.771,6829.62,1,1
32.767,8.211,368.038,4590.313,0,0
39.282,5.332,409.243,5712.322,0,0
36.07,6.797,440.486,7281.652,0,0
28.771,8.64,372.737,4382.358,0,0
35.866,4.814,403.794,3464.96,1,0
36.927,8.881,386.76,3119.99,0,1
30.581,7.961,408.518,5712.712,0,0
35.769,9.105,400.383,3116.85,2,0
35.291,8.448,387.17,4627.681,1,0
29.285,10.728,409.757,5437.313,0,0
36.789,8.25,436.087,5185.176,0,0
37.804,7.141,396.182,5425.445,0,0
40.415,8.245,414.395,5222.29,2,0
40.269,9.087,374.135,6278.866,1,0
28.112,8.098,380.871,4047.684,1,0
30.311,8.081,409.448,4323.005,0,0
37.575,6.596,429.682,4227.341,1,0
37.569,6.674,407.112,5830.192,1,0
37.575,5.195,393.739,5900.399,2,0
54.264,11.499,399.986,5451.225,1,0
37.854,5.512,374.992,6183.494,1,0
40.678,6.614,412.09,3821.959,2,0
39.77,6.563,417.647,6667.224,3,1
38.257,9.79,390.958,6523.239,2,1
33.424,7.41,390.599,5735.622,1,0
38.795,10.495,405.318,6781.799,2,1
31.136,6.653,391.266,3343.377,1,0
33.816,8.558,398.677,4475.552,0,0
32.573,6.329,441.994,4264.697,0,0
35.409,12.29,395.059,5721.479,1,0
46.573,5.625,392.833,3949.859,0,1
25.664,8.62,387.049,5757.495,1,0
38.431,9.268,414.884,6370.536,0,0
26.936,8.828,396.376,5695.203,1,0
32.64,7.629,387.013,5283.751,3,1
40.445,7.74,426.426,4012.127,3,0
35.321,8.088,428.392,4153.149,2,0
29.611,7.706,387.992,6249.619,1,0
31.423,9.928,362.669,5779.349,1,0
38.398,12.421,420.15,4960.98,1,0
31.348,6.885,386.307,4582.09,1,0
36.082,5.26,415.813,2974.192,1,0
35.228,7.823,360.598,3929.148,2,1
31.742,13.159,417.852,6911.419,0,0
45.72,6.393,375.777,3719.544,0,0
38.17,11.278,414.615,5189.48,2,0
24.874,11.355,400.285,6007.444,0,0
35.932,6.893,380.921,3745.077,3,1
31.691,9.138,391.859,5184.71,0,0
39.262,11.257,413.726,5937.916,0,1
31.037,7.242,402.118,5012.499,0,0
34.426,7.593,411.688,7868.403,0,1
37.525,6.837,439.529,3331.401,0,0
39.329,5.97,368.715,6058.729,0,1
28.999,6.701,432.344,4827.198,1,0
33.327,5.552,402.087,5771.92,2,0
32.625,8.068,382.024,5441.307,0,0
31.733,6.46,373.394,4266.844,1,0
43.827,8.468,396.218,5228.996,1,0
37.025,4.888,418.433,3142.099,1,0
28.696,8.662,397.449,5603.248,0,0
39.589,9.667,430.223,5298.158,1,0
45.611,4.013,370.976,5638.66,5,0
40.162,8.748,399.758,6058.118,2,0
27.403,10.455,374.952,5367.62,0,0
32.579,5.581,407.273,5148.089,3,1
41.335,11.345,417.738,4118.932,0,0
31.462,8.838,391.585,4287.779,0,0
37.219,6.59,347.916,6186.735,2,0
38.873,7.888,403.979,6436.335,0,0
30.365,9.117,408.735,4761.89,1,0
34.702,8.152,408.086,5046.003,2,0
18.794,9.078,424.716,4095.386,1,0
29.878,6.159,378.579,6172.757,1,0
33.737,8.339,413.604,5665.417,1,0
28.761,5.173,423.85,6941.217,2,0
43.162,7.778,364.428,4121.677,0,0
27.849,6.192,406.393,4621.992,0,0
32.8,6.529,389.916,5231.446,0,0
35.654,10.472,398.37,5646.49,1,0
42.206,10.183,406.954,4784.332,3,0
27.821,9.218,390.255,4127.039,1,0
40.816,5.815,386.486,5881.408,2,0
35.051,7.367,400.683,5721.135,1,0
30.092,10.426,378.255,4083.726,1,0
37.311,8.283,378.283,6355.443,1,0
35.995,12.639,413.587,6170.199,0,0
31.999,8.787,377.024,5134.296,3,1
35.349,8.384,413.326,5079.598,2,0
33.073,7.382,409.252,5554.058,1,0
35.568,8.267,365.484,4138.297,2,0
38.311,7.695,386.449,5030.031,0,0
42.93,9.416,423.882,2847.616,0,1
28.811,9.913,380.377,5876.456,0,0
45.665,6.428,390.712,3438.507,2,0
25.24,5.338,409.241,6503.42,0,1
34.241,4.328,415.668,4669.88,2,0
37.942,9.016,394.969,4788.333,0,0
36.405,5.793,388.05,4372.266,1,1
31.887,3.694,428.447,4711.961,0,0
33.959,8.777,434.778,6418.531,2,1
32.535,12.986,419.577,2512.191,2,0
32.053,7.988,401.706,6276.965,0,0
39.248,9.677,383.835,5338.023,0,0
36.785,8.164,383.391,3792.978,0,0
31.535,7.802,410.45,3924.688,3,1
39.498,9.838,408.368,6676.393,0,1
36.536,7.419,428.032,4054.493,0,0
39.064,8.535,413.009,3846.649,2,0
38.148,8.643,369.938,6137.315,3,0
30.855,6.664,421.039,5338.553,2,0
32.199,9.984,380.039,4062.074,1,0
38.736,7.65,392.321,5216.625,1,0
38.052,6.489,405.004,3974.247,1,0
34.895,9.073,439.913,6100.821,1,0
35.587,6.203,462.198,6061.371,0,0
41.388,8.056,412.134,5532.006,2,1
32.042,7.982,396.336,5361.661,0,0
37.735,10.172,410.69,6761.188,2,0
33.989,8.949,417.753,4999.686,0,0
33.912,7.95,393.587,3818.126,1,0
40.494,9.636,435.904,5449.474,0,1
39.127,10.78,404.601,7086.047,2,0
39.068,9.116,409.955,3985.241,0,0
41.527,8.021,413.318,4638.537,1,0
35.105,5.376,408.432,5416.446,1,0
38.41,5.87,416.779,4946.095,0,0
33.449,7.39,387.655,4017.696,0,0
36.621,6.781,388.834,6121.858,1,0
34.349,7.626,377.997,7320.041,1,0
35.485,8.113,408.79,5196.131,1,0
37.976,9.059,415.579,4095.932,2,1
30.909,7.859,409.155,3451.039,3,1
45.462,8.973,433.49,5257.976,0,0
29.97,8.129,399.888,6103.877,0,0
28.929,4.049,413.375,5475.168,0,0
40.791,6.121,378.166,4997.596,0,1
38.958,7.712,392.258,4410.728,0,0
38.121,5.581,413.911,3907.836,0,0
38.142,9.2,416.982,5834.751,1,0
34.939,11.062,394.121,5913.772,0,0
30.514,10.438,398.568,3454.27,0,0
35.379,7.573,369.643,6589.839,1,0
31.614,10.981,392.859,5574.071,0,0
39.876,8.297,417.808,6399.595,0,0
34.265,7.326,411.504,3657.872,2,1
30.873,6.773,410.013,3634.176,1,0
33.393,7.395,400.995,4851.031,2,0
37.065,7.224,400.141,5502.784,0,1
32.181,8.341,386.794,6796.361,0,0
30.889,8.321,413.977,5706.079,2,1
36.218,8.006,408.419,4757.319,2,0
36.225,8.874,409.84,3973.631,4,0
32.465,10.381,389.479,6230.001,0,0
32.645,9.899,356.933,4035.295,1,1
36.16,5.03,421.943,6628.469,2,0
27.76,2.892,390.423,4715.615,1,0
27.963,9.869,382.744,6590.582,1,0
31.408,5.266,413.87,5678.931,3,1
33.933,7.55,392.16,4863.005,2,0
36.555,5.66,421.199,4480.604,0,0
42.377,4.396,412.34,4659.092,0,1
39.288,9.083,413.671,5428.317,3,1
34.2,9.518,372.681,5077.156,1,0
34.905,6.847,424.239,4406.189,1,0
29.987,2.818,405.225,4834.369,0,0
34.907,6.908,392.614,5078.577,1,0
33.557,8.784,402.868,2871.266,1,1
36.614,5.042,364.475,5458.168,1,0
30.864,8.367,408.173,4020.279,0,0
37.597,7.969,379.413,3846.668,1,0
42.664,9.159,372.947,3312.656,2,0
34.456,8.239,369.553,3206.108,0,0
37.009,6.054,422.254,3644.552,3,0
38.451,10.393,387.415,4290.979,1,0
32.994,7.683,430.675,6953.259,2,0
36.12,7.945,389.284,4474.12,0,0
35.063,6.133,365.853,5177.75,0,0
35.488,7.113,377.67,5400.481,0,0
31.135,6.23,424.716,5131.065,1,0
35.123,7.654,396.882,4922.557,0,0
37.49,11.423,389.034,3804.706,0,0
42.256,5.256,403.2,6450.928,2,1
39.796,4.773,410.036,6807.197,0,0
45.766,10.942,422.348,3317.341,2,0
31.163,7.581,428.97,3975.971,0,0
39.362,6.662,392.805,4720.19,0,0
35.917,10.08,373.479,4035.462,0,0
45.949,6.789,391.731,5505.966,2,0
30.959,11.652,405.206,4271.728,2,0
30.801,9.356,380.725,7165.056,1,0
32.003,7.024,380.857,6190.549,0,0
24.381,12.315,406.876,5212.574,1,0
32.371,6.789,399.027,6026.986,0,0
31.204,9.484,400.656,6105.9,2,1
35.752,8.599,384.83,4436.053,1,0
36.709,10.603,395.392,4183.783,3,1
44.381,11.123,381.515,5078.143,2,1
39.752,8.064,417.804,5861.636,0,0
32.115,6.493,420.705,5139.06,0,0
30.508,8.92,363.076,3423.004,0,0
37.46,6.645,381.41,4197.176,1,0
28.399,12.027,370.069,4926.027,0,0
44.157,8.273,387.0,4924.334,1,0
40.897,7.269,398.331,6972.542,1,1
32.654,8.369,371.007,3614.012,3,0
26.434,5.306,381.563,5505.589,1,0
41.769,6.057,379.921,6489.113,0,1
34.427,10.401,404.145,7271.45,0,0
41.189,6.686,401.387,4595.603,1,0
27.028,5.906,385.565,5491.429,1,0
32.003,9.073,403.536,5569.76,1,1
35.026,10.371,389.066,5195.482,1,1
35.235,9.438,394.567,4901.155,0,0
32.75,9.992,433.469,5435.975,2,0
38.114,6.486,426.809,2467.754,0,0
29.662,5.156,374.008,5682.069,2,0
34.288,11.003,416.595,5126.178,0,1
35.601,7.355,416.228,4777.525,2,0
37.572,7.498,377.035,7046.862,1,0
38.558,10.656,416.376,4325.066,1,0
29.377,9.112,430.759,4596.924,2,1
27.329,8.912,377.549,6991.553,3,1
41.388,12.33,381.65,4167.939,2,1
36.662,6.713,420.353,4449.885,0,0
31.258,9.856,405.43,4852.975,1,0
42.756,8.114,411.03,5840.734,1,0
35.578,8.537,406.812,5207.803,2,1
40.896,11.057,407.814,3707.375,1,0
35.338,9.016,373.471,4467.831,1,0
45.304,9.077,420.946,4392.646,1,1
43.777,10.145,423.392,4922.779,1,0
33.755,7.27,395.412,5425.844,0,0
39.858,6.322,399.13,5418.206,2,0
38.227,5.91,369.378,3223.988,1,1
41.843,4.067,410.285,6063.941,0,0
30.175,12.112,411.441,5252.569,2,0
38.43,5.794,398.756,6384.532,1,0
40.292,7.557,422.487,5444.198,1,0
26.206,7.446,393.318,6101.323,1,0
29.084,8.615,411.292,5466.545,3,0
24.804,9.631,379.607,6346.226,1,1
33.653,9.721,399.529,5522.251,0,0
38.588,6.834,396.513,4902.085,0,0
42.512,7.666,404.506,7272.435,2,1
35.37,8.565,392.609,5889.037,1,0
43.143,7.503,397.371,5573.744,0,0
28.099,11.215,416.521,3723.696,0,0
26.483,8.982,391.265,3711.692,1,0
34.722,9.47,367.868,5292.715,0,0
36.92,9.326,434.992,5145.521,2,0
34.837,10.347,427.629,4385.877,0,0
24.663,8.362,374.155,5140.983,0,0
34.554,5.406,413.794,6588.627,2,1
28.478,8.799,389.941,5695.402,0,1
38.348,6.697,405.27,3858.991,2,0
36.833,6.943,405.884,4888.491,1,0
30.301,9.173,395.312,4195.034,1,0
32.431,10.477,384.325,4612.3,1,0
29.704,8.043,386.189,4586.384,2,0
34.687,8.618,381.676,4522.354,3,0
39.776,11.404,383.364,3744.865,3,0
30.071,8.482,398.656,4872.345,2,1
37.52,13.203,385.685,4439.392,1,0
32.349,9.131,413.641,2070.551,0,0
31.036,4.478,429.745,7052.972,1,1
34.465,9.507,388.399,6088.77,1,1
29.824,8.762,404.788,4623.699,1,0
32.232,10.58,409.994,5018.819,0,0
29.011,9.346,409.44,3828.346,0,0
44.824,7.723,401.519,6695.723,2,1
35.176,5.551,414.854,6897.289,1,0
31.501,7.582,409.645,5156.694,1,1
36.07,6.299,375.247,6023.531,1,0
34.438,6.839,417.383,5175.287,1,0
33.895,9.177,417.746,3663.275,2,1
38.071,11.34,384.734,4588.177,1,0
38.788,8.789,400.759,5131.928,2,0
32.347,5.608,413.667,4545.452,2,0
32.121,8.889,395.814,4781.347,1,0
33.625,10.393,421.46,4908.6,3,0
23.49,6.78,447.277,4919.122,1,0
27.424,7.732,384.28,5052.258,0,1
41.834,8.029,372.379,3939.395,1,0
43.225,6.43,406.076,4282.984,0,1
33.755,9.297,414.431,3715.416,1,0
37.883,7.758,395.383,5977.816,1,0
36.556,8.839,429.065,2894.353,0,0
50.394,6.225,373.228,6153.59,0,0
40.598,7.125,413.858,6386.349,1,0
34.36,9.445,387.883,4697.819,1,0
30.222,7.254,434.388,2396.863,1,0
26.968,11.454,439.85,4638.689,1,0
36.017,7.201,384.667,4935.816,1,0
31.218,8.449,389.009,3989.402,2,1
27.889,9.865,417.192,4484.782,2,0
31.767,5.163,392.257,6530.195,1,1
29.592,4.478,399.092,5664.927,2,1
43.436,4.949,400.508,4075.436,3,0
39.408,10.525,361.607,3402.401,2,1
34.96,6.896,399.723,4672.983,2,0
42.4,13.116,386.205,4786.543,2,1
35.387,6.872,390.138,5496.199,1,0
30.694,8.369,428.873,4464.683,1,0
42.616,11.084,374.87,5511.5,0,0
37.695,12.012,416.264,6935.154,2,1
29.814,12.123,394.421,5815.501,0,0
34.048,10.417,394.405,4951.911,0,0
30.622,10.048,415.807,4816.85,1,0
28.086,9.185,406.801,4643.327,0,1
39.631,9.557,411.412,6180.641,1,0
44.547,6.898,419.364,4372.687,0,0
28.007,6.364,393.374,5045.223,0,0
37.815,7.993,387.755,5051.198,1,1
31.747,7.66,378.297,4498.216,0,0
32.564,7.094,383.492,3627.534,2,0
32.038,9.393,458.982,5322.975,0,0
30.68,9.911,424.894,4938.996,0,0
35.243,8.177,372.979,5500.24,1,1
30.845,10.955,373.551,4466.4,0,0
36.352,5.717,409.637,6220.821,1,0
34.749,7.613,410.945,4123.226,1,0
33.805,6.566,410.978,6712.04,0,0
30.462,4.267,394.901,3252.363,1,1
32.116,7.835,397.491,5434.77,1,0
38.777,7.757,406.558,5475.431,1,0
37.505,11.027,401.718,4204.443,1,1
30.112,9.262,355.614,5424.394,1,0
35.497,5.952,395.404,6279.519,1,0
38.757,11.708,382.972,2783.181,0,0
26.653,10.442,403.504,5502.745,1,0
37.717,9.164,459.705,2506.729,0,1
31.687,7.547,407.35,4034.335,2,0
37.853,6.081,393.729,6629.166,2,0
31.184,7.256,418.436,4418.218,3,0
25.976,10.177,409.654,3826.12,1,0
26.862,11.769,408.402,4802.062,0,0
35.24,11.086,412.137,7067.906,0,0
36.299,7.022,441.131,3168.318,3,1
30.478,5.761,377.382,3948.69,0,0
38.193,8.282,409.473,6497.432,0,0
26.692,4.463,381.472,6857.702,0,0
34.67,8.646,411.11,4896.569,1,0
28.945,7.705,381.626,3760.947,1,0
31.741,7.068,391.653,7095.844,0,0
35.237,4.811,394.098,6594.442,0,1
30.698,9.027,419.516,5678.947,2,0
33.077,6.935,418.369,4187.598,2,1
40.031,5.66,375.086,4950.971,0,0
32.116,2.255,401.099,4839.64,2,1
39.178,7.945,385.808,5330.851,1,0
29.351,11.545,374.83,6451.001,2,1
37.649,11.323,395.66,5879.417,1,0
42.208,7.086,393.83,3922.624,0,0
22.642,6.796,448.534,6376.496,0,0
31.016,8.938,408.659,5313.132,0,0
37.885,6.003,372.448,5687.066,2,1
33.985,8.604,388.705,6466.541,1,0
36.856,9.532,420.428,3888.42,0,0
31.98,10.454,441.769,4964.174,0,0
35.433,7.8,368.28,4468.545,1,0
34.222,7.593,362.402,3432.141,1,0
40.839,6.244,437.419,5346.71,1,0
36.272,6.346,407.792,7511.557,0,1
36.688,7.547,382.634,3159.922,0,0
32.941,8.735,410.693,4967.719,1,0
32.562,9.827,347.285,5640.543,2,0
32.837,6.394,400.068,5123.078,1,0
36.972,10.985,406.556,4886.872,0,1
32.895,7.458,418.485,3700.784,0,0
36.449,7.957,379.722,5232.787,1,0
45.377,6.506,401.714,4243.236,0,0
39.356,3.152,381.492,2810.078,1,1
33.37,9.768,405.108,6194.592,2,0
41.006,9.474,382.093,5958.386,0,0
32.96,7.437,391.838,5051.661,0,0
24.809,8.134,380.084,5229.075,2,0
29.96,9.032,413.023,6074.318,2,0
25.646,4.875,417.169,5224.34,0,0
33.242,6.942,395.308,5904.018,1,0
35.092,9.589,400.765,4702.518,0,0
43.382,5.491,371.028,6311.984,1,0
36.635,8.587,394.006,5320.786,2,0
33.904,5.287,398.996,5194.052,1,0
39.147,8.933,452.416,3729.939,0,0
23.944,7.929,377.761,5286.956,1,0
36.178,4.77,429.284,4168.045,1,0
38.854,10.329,419.937,4361.717,1,0
27.607,6.531,405.613,4184.624,2,1
40.719,6.379,435.172,3933.765,0,0
36.692,8.401,407.442,7124.771,1,0
32.924,10.297,407.783,6331.339,2,0
38.164,5.968,398.938,6920.368,0,0
46.353,8.123,424.471,3777.105,0,0
35.909,8.858,421.929,5071.254,1,0
36.241,9.386,387.486,3706.492,2,1
32.703,8.353,373.615,4304.305,2,0
30.751,7.266,395.94,4081.873,0,0
39.152,6.345,383.999,6239.584,1,1
30.72,8.172,398.73,4603.77,2,0
35.358,5.856,424.749,6068.379,2,0
32.612,2.157,390.854,5604.121,2,1
37.395,8.873,399.144,7303.639,1,1
36.668,9.808,401.16,3520.556,2,0
40.188,3.274,416.969,6259.233,1,0
32.45,5.981,355.062,6146.441,0,0
33.651,9.238,387.866,4026.621,0,0
30.106,12.115,404.226,6007.133,1,0
32.779,8.042,424.002,5336.145,2,0
36.887,6.544,390.162,4772.524,0,0
38.785,7.634,362.469,4176.065,0,1
30.389,10.75,412.394,4280.891,1,0
39.348,6.708,387.293,7049.812,4,1
41.778,6.402,376.207,5000.683,0,0
37.067,7.035,387.513,5782.13,1,0
44.384,6.093,396.309,4209.101,1,0
31.131,8.245,387.905,4220.147,1,0
28.777,11.249,355.889,6081.985,1,0
26.106,8.646,417.941,3650.424,0,0
42.48,7.495,425.498,4584.786,1,0
38.272,7.416,413.03,5034.027,2,0
34.722,4.874,377.246,5111.373,1,0
36.4,9.766,395.97,4820.907,2,1
29.373,7.844,399.87,5395.82,2,0
47.229,7.639,411.976,5692.856,2,1
35.646,14.386,413.367,5734.638,2,0
35.547,8.598,385.317,4014.196,0,1
38.629,6.496,401.64,4715.845,1,0
37.405,7.147,409.146,6194.763,1,0
36.119,10.297,429.116,5894.647,2,1
31.048,8.227,414.09,3627.141,1,0
37.357,5.123,415.781,5351.48,0,0
44.41,9.838,401.677,3021.775,2,0
41.727,6.664,428.209,5046.935,1,0
42.966,11.747,408.195,6897.767,0,1
32.444,10.16,382.778,4052.107,0,0
30.052,7.105,428.067,4165.677,3,0
34.371,10.562,413.958,5764.03,0,1
35.279,8.136,391.139,3457.198,1,0
40.471,9.706,390.41,4367.245,1,0
26.538,8.969,405.932,5596.441,0,0
42.648,6.307,409.264,4365.714,0,0
34.21,6.713,403.946,4764.03,2,0
32.866,10.06,406.226,5744.186,0,1
29.939,7.33,433.999,5421.546,0,0
26.726,7.193,421.431,5266.818,2,0
39.116,6.09,403.813,4660.878,0,0
35.367,8.847,418.826,5370.061,1,0
28.55,12.125,379.35,4876.267,0,0
28.525,5.865,407.959,5457.806,1,0
33.321,8.048,436.186,4503.068,0,0
43.345,10.824,395.639,4817.431,2,0
33.702,7.841,383.047,4010.042,1,0
27.484,8.905,386.958,4964.992,0,0
33.771,5.875,378.207,4188.999,3,0
33.636,8.857,384.305,3885.954,1,0
21.516,7.626,392.59,5258.661,3,0
34.729,9.971,371.889,5212.74,2,0
33.845,10.375,400.312,5782.874,0,1
38.481,13.179,418.046,4568.874,1,0
44.245,9.159,381.845,5408.053,1,0
40.633,8.652,430.386,5550.798,1,0
33.656,8.389,410.216,5444.774,0,0
29.467,7.294,420.612,4174.346,2,0
47.867,8.677,386.843,5149.363,0,0
35.296,7.409,417.091,5364.14,2,1
35.07,8.337,378.161,5007.178,0,0
34.879,10.635,417.805,2913.522,4,0
35.99,5.987,403.437,5160.49,1,0
34.278,10.28,411.065,7212.531,0,0
32.132,10.634,376.488,4639.961,1,0
32.266,7.764,382.099,4271.923,2,0
34.836,3.756,411.945,5373.349,1,0
32.283,6.784,381.033,5312.378,1,0
31.436,10.594,409.264,6192.735,2,0
35.532,7.954,372.657,3742.132,1,0
33.725,6.001,416.963,5731.38,2,0
42.52,6.99,375.35,5590.422,1,0
21.745,9.681,411.046,4857.853,1,0
40.458,9.093,412.513,5338.687,1,0
41.23,7.522,386.065,6029.457,0,1
24.633,7.266,411.641,5872.315,2,0
33.287,7.216,405.209,3856.981,0,0
33.143,6.155,389.223,5820.158,1,0
27.962,11.231,379.829,4935.311,0,0
31.111,7.355,360.747,5072.874,1,0
29.447,10.434,406.993,5073.197,2,1
43.761,11.043,368.704,4849.757,2,1
39.678,9.997,401.907,6191.707,0,1
41.358,7.137,394.731,4916.282,1,1
38.608,8.807,413.583,3880.454,2,1
29.355,7.952,393.959,4606.47,3,0
32.377,6.193,393.411,5178.695,2,1
37.447,8.649,414.637,6229.215,1,0
28.889,5.642,406.701,5603.095,0,0
38.565,10.375,406.323,4149.465,1,0
33.798,7.071,409.385,7485.19,0,0
33.126,8.402,369.289,5264.775,1,0
38.555,8.567,415.136,6275.391,1,0
37.221,7.482,412.249,4848.286,2,0
33.195,9.173,379.666,5533.359,3,0
40.797,7.05,395.118,5839.469,0,0
29.595,9.743,399.214,6218.195,1,0
38.08,5.308,397.31,6057.368,1,0
37.966,8.253,406.677,5872.197,0,0
33.452,11.878,428.627,4684.913,0,0
36.631,5.999,421.635,4428.254,0,0
28.744,6.645,373.756,5332.608,2,0
39.62,9.028,412.441,5933.128,1,0
34.075,8.359,426.579,4777.279,1,0
32.386,8.701,407.736,6065.172,4,1
40.245,8.978,421.82,6452.617,3,0
31.478,9.269,440.245,4083.679,0,0
27.958,10.219,420.474,4163.079,1,0
27.217,8.82,404.986,4859.625,1,1
38.03,7.517,420.902,5307.613,1,0
28.598,9.345,402.898,4475.433,0,0
43.774,11.8,400.478,6352.203,2,1
24.59,7.735,392.972,5424.067,1,0
43.482,6.051,431.268,5039.447,1,1
36.055,10.214,383.631,3564.09,1,0
34.516,7.759,430.647,3684.184,1,0
32.275,3.655,409.997,5281.009,1,0
36.996,9.695,372.014,2867.404,0,0
34.812,6.929,407.353,6012.637,1,0
40.517,7.819,357.999,4841.846,0,0
35.571,8.664,412.51,8243.093,1,1
35.752,8.381,417.705,7307.916,0,0
33.182,9.419,388.153,4818.551,4,0
34.715,7.129,402.471,4893.663,0,0
36.539,9.026,439.083,5995.582,3,0
26.449,7.481,389.885,6703.173,0,0
28.259,9.478,378.822,3361.971,3,1
38.716,9.231,429.633,3213.625,0,0
35.854,6.129,439.252,4377.965,0,0
34.08,10.172,400.074,5582.738,1,0
35.092,6.928,420.229,5496.874,0,0
36.738,9.616,426.83,6069.771,1,0
32.301,8.735,385.15,3800.302,1,0
31.108,11.676,390.294,2683.856,4,0
35.979,7.553,424.617,5858.014,0,0
30.108,7.301,433.7,4171.804,0,0
37.041,7.961,411.258,2981.512,2,1
26.487,7.394,382.404,5145.064,1,0
40.146,9.6,439.741,5793.176,2,0
37.363,4.767,389.381,4877.943,1,0
36.28,5.893,393.297,4542.152,1,0
39.913,5.864,406.847,4840.638,0,0
43.327,9.901,431.083,4629.417,1,0
40.072,11.421,417.08,3651.953,1,0
25.796,7.791,408.297,4285.319,0,0
28.602,7.662,409.266,5521.28,2,0
31.876,8.14,400.87,5321.679,0,0
35.13,10.324,411.163,5168.06,2,1
37.588,6.145,349.409,4004.852,0,0
31.371,8.477,394.068,4818.497,0,0
35.934,9.95,404.826,2822.935,1,0
31.223,9.002,376.98,5178.477,0,0
31.942,8.379,407.726,6428.858,2,1
27.967,10.002,395.911,3525.868,1,0
30.384,2.594,435.11,4414.072,0,0
28.242,9.356,431.46,5329.107,0,0
30.121,6.692,390.684,6252.843,1,1
40.268,4.339,396.983,4551.775,2,0
30.253,9.022,398.521,4307.75,1,0
48.162,10.747,390.967,3031.077,3,1
37.467,7.725,403.9,5103.438,1,0
35.924,9.906,384.834,7042.076,1,0
30.708,11.225,377.388,5277.358,0,0
38.502,10.63,412.454,4977.721,1,0
32.122,11.28,412.591,5322.082,0,0
35.61,9.484,383.914,4988.908,1,0
47.8,8.151,417.907,4186.986,1,0
34.52,4.796,387.368,5823.28,0,0
40.746,7.508,405.063,5225.762,0,0
31.484,6.314,416.407,5017.613,2,0
34.825,12.342,399.328,4024.634,1,0
43.854,7.648,409.095,6303.508,2,0
31.865,8.246,389.671,5664.703,0,0
44.062,9.103,396.071,4447.079,2,1
38.539,8.087,395.883,6001.825,2,1
32.188,11.39,385.068,4502.429,0,0
38.162,6.755,396.465,4217.997,0,0
39.863,8.389,369.028,4240.297,1,0
38.109,6.515,390.177,3228.931,1,0
27.149,5.36,394.302,5471.542,1,0
31.364,6.776,394.876,3168.855,1,0
33.762,7.926,395.17,3771.556,2,0
34.628,7.141,398.765,2924.412,2,0
38.103,6.615,409.589,4913.93,1,0
35.889,5.187,417.49,4849.68,0,0
28.323,7.834,387.005,4673.304,1,0
36.901,4.991,375.936,3957.422,1,0
38.053,9.52,379.159,3827.766,2,0
37.799,8.165,390.256,5464.37,1,0
40.404,5.085,392.962,4449.448,2,0
39.17,7.382,384.6,5316.358,0,0
37.296,6.496,374.078,4114.751,2,0
34.649,8.638,390.878,5181.063,2,0
26.695,10.681,403.629,6303.278,1,0
37.148,4.25,411.901,5586.166,0,0
36.038,8.23,388.852,4587.586,0,0
36.358,7.68,391.74,5257.199,1,0
28.616,9.343,381.466,4759.335,0,0
29.595,8.426,399.371,5007.88,0,0
40.266,6.496,383.031,4674.389,0,0
34.802,7.362,411.463,4835.665,1,0
38.408,6.408,364.283,5212.093,0,0
35.142,10.152,392.807,4006.641,3,0
35.149,8.043,406.022,3984.121,1,0
39.691,11.802,403.677,3611.457,0,0
32.42,7.879,453.861,3399.729,0,0
35.481,6.583,406.996,3782.717,1,0
32.689,4.973,379.919,5159.463,0,0
32.828,4.394,398.091,4107.212,0,0
33.454,4.832,364.475,5513.614,2,1
36.111,8.534,398.388,5034.714,1,0
32.606,9.017,383.339,3031.496,1,0
41.279,4.838,418.308,5654.976,1,0
30.527,9.79,389.009,5810.799,1,0
34.066,7.034,397.665,4006.137,1,0
32.801,8.294,387.289,5420.192,1,0
42.235,11.224,434.777,4143.502,1,0
35.983,9.794,393.575,5097.67,2,0
40.159,7.463,436.651,3735.502,2,0
27.572,6.218,416.283,3206.894,1,0
36.335,3.696,409.641,4617.183,2,1
39.448,6.562,407.375,4876.271,0,0
35.411,7.578,407.876,4602.32,2,1
40.327,6.026,361.447,3815.969,1,1
32.414,7.737,394.422,4600.101,1,0
42.047,8.154,416.903,5269.295,0,0
46.494,7.55,399.022,4955.107,3,0
33.186,6.7,371.896,5182.501,0,0
32.772,8.337,398.952,4329.885,1,0
42.267,8.884,434.082,6171.718,0,0
42.898,5.819,424.938,3823.827,1,0
32.386,10.822,398.76,5487.56,1,0
32.899,7.803,419.029,6181.891,1,0
33.591,8.038,392.67,5480.908,0,0
28.278,9.416,365.923,4797.476,0,0
30.407,8.466,381.511,4471.703,2,1
29.979,9.906,431.258,6036.088,0,0
31.161,8.574,394.52,3577.025,1,0
34.827,6.775,395.132,4029.876,0,0
36.171,8.723,394.003,4602.442,2,0
42.753,5.713,438.083,6237.654,0,1
30.008,8.217,432.519,5379.768,1,0
39.922,7.934,444.376,4031.954,0,0
33.93,7.584,396.819,4689.692,2,1
34.753,7.743,405.912,4385.677,2,1
38.374,4.236,369.667,4290.211,2,0
29.386,6.903,429.539,5978.89,1,0
36.912,8.186,376.644,3628.257,0,1
35.832,8.32,404.336,6608.781,0,0
37.462,5.945,378.054,5828.23,2,0
36.446,10.531,388.223,6090.862,1,1
47.277,6.268,383.255,4537.06,0,0
31.811,9.939,387.842,4850.059,0,0
32.345,8.854,389.218,3566.848,0,0
31.884,6.708,389.035,4475.338,0,0
32.223,11.551,416.667,5493.655,3,1
31.813,5.613,377.903,6296.063,1,0
40.945,9.838,404.411,3892.843,0,0
42.103,10.001,424.359,4634.494,2,0
32.146,6.659,389.736,4848.701,1,1
30.838,10.785,385.642,3604.211,1,0
37.357,7.5,395.39,5591.349,1,0
32.239,8.577,423.595,4276.01,0,0
38.165,8.521,403.882,4804.61,1,1
36.015,7.731,389.376,4548.051,0,0
27.421,9.622,409.678,4210.661,5,0
42.738,9.587,377.954,4992.955,1,0
43.979,4.503,413.627,4784.39,1,0
31.936,10.609,408.172,4628.142,1,0
33.061,4.675,393.844,4271.538,1,0
36.429,10.065,383.228,5319.525,0,0
36.672,10.253,382.266,6653.617,1,0
38.293,5.818,410.696,5139.887,0,0
45.051,7.178,424.58,5996.118,0,1
34.115,5.789,387.254,3609.778,1,0
31.009,7.57,409.168,5157.761,2,0
28.103,7.384,358.259,3902.632,0,0
31.345,9.559,388.308,3523.075,0,0
34.834,10.621,399.379,4260.629,1,0
43.973,10.791,381.806,6191.899,0,0
32.412,6.876,381.27,5950.016,2,1
36.119,7.582,386.644,5243.005,0,0
34.918,4.633,405.844,3467.299,3,1
40.942,6.388,396.253,4803.719,3,1
47.635,9.93,355.235,5301.7,1,0
32.346,11.231,357.586,5175.536,0,0
32.553,5.531,387.863,3156.206,1,0
40.221,6.815,409.154,4109.682,1,1
38.409,7.947,345.05,4935.922,3,1
44.234,8.56,390.005,5536.291,0,0
37.92,6.381,389.475,2803.872,1,0
33.204,8.848,427.767,4837.876,2,1
37.953,7.052,392.3,5143.049,0,0
40.544,7.971,407.66,5849.612,0,0
39.102,9.093,402.825,5692.858,1,0
37.536,8.013,357.389,5582.571,1,0
40.333,7.127,415.364,4200.059,1,0
40.846,7.781,404.308,3091.998,0,0
41.911,7.823,410.165,4606.947,3,0
38.244,7.26,478.525,6001.632,0,1
34.164,7.482,358.318,6393.455,1,0
35.734,11.197,434.494,5710.549,2,0
41.033,9.122,394.251,5429.341,2,0
30.915,7.409,405.747,5379.64,1,0
36.843,9.394,399.09,4443.881,1,1
33.033,7.332,391.515,4869.94,2,1
35.144,10.346,388.603,6669.07,0,0
41.392,8.739,406.59,4057.442,1,0
35.955,7.785,369.657,6614.779,2,1
35.232,8.895,415.012,4677.972,0,0
28.201,4.858,391.676,6325.432,1,0
38.731,5.746,377.399,3593.185,1,0
38.227,5.612,391.0,5585.904,0,0
45.816,8.286,425.143,4263.23,3,0
33.461,11.465,389.293,3584.733,0,0
36.096,12.463,407.169,5218.534,0,0
36.247,9.276,385.381,6009.472,1,1
42.887,9.002,415.158,4155.059,2,1
34.524,4.398,413.71,3500.984,2,1
36.395,6.915,436.972,4908.155,0,0
38.039,6.424,396.489,4912.565,0,0
35.933,6.758,413.373,5548.32,1,0
32.768,7.664,401.961,5949.595,0,0
35.97,7.056,425.917,4940.585,0,0
40.368,4.041,385.623,6855.503,1,1
29.867,9.496,414.9,5224.235,0,1
35.665,5.855,396.106,4653.573,0,0
31.499,8.478,398.716,3388.433,2,1
40.975,12.148,401.835,4737.34,2,0
27.384,6.161,405.045,4663.613,0,0
32.205,2.939,397.675,5960.305,0,0
36.886,7.428,404.294,5462.484,0,0
42.828,10.202,431.562,3820.631,1,0
34.671,11.917,419.709,5172.254,1,1
32.224,5.541,417.383,5671.531,1,0
44.406,8.993,390.889,6528.031,0,1
27.76,7.069,382.215,5887.504,1,1
24.006,7.788,419.106,5760.847,0,0
37.2,13.289,417.521,5060.086,1,0
32.49,4.994,429.453,5388.312,2,0
29.894,8.507,387.92,6249.505,0,0
38.542,8.935,395.409,3667.223,1,0
36.219,10.172,367.21,4650.561,2,0
32.18,8.196,392.151,4227.431,2,0
28.598,8.616,419.931,5379.153,3,1
39.362,7.217,390.67,6230.222,2,0
38.251,8.538,412.81,4403.026,0,1
34.504,7.314,396.19,2609.696,1,1
44.233,9.243,406.481,4587.779,1,0
29.65,7.261,377.046,5913.474,1,0
27.372,8.754,401.704,5537.63,1,0
31.54,7.941,340.177,5428.186,1,1
34.772,10.252,396.262,4720.007,2,0
36.217,7.897,367.391,3720.969,2,0
33.794,4.454,424.12,5515.294,0,0
36.76,10.524,415.548,4165.718,0,0
28.742,6.189,409.333,7184.097,1,0
42.219,6.692,430.42,5570.507,1,0
34.589,6.809,381.022,4419.352,0,0
40.586,10.749,434.947,4388.615,1,0
36.714,3.729,418.644,4907.056,1,0
37.284,14.275,395.269,4760.498,1,0
37.849,10.112,422.712,6116.834,2,0
37.239,8.446,377.874,5186.416,0,0
38.214,7.89,383.51,4268.368,3,0
41.646,8.571,387.828,6890.441,0,0
35.983,9.042,389.42,5049.308,1,0
38.545,9.29,378.869,5768.84,0,0
34.551,9.111,424.462,4391.773,0,0
42.201,8.179,394.823,5363.116,1,0
31.618,7.605,407.05,5311.11,0,0
44.005,7.697,388.593,3110.351,0,0
34.799,7.61,363.588,7015.275,2,0
27.846,10.268,405.401,6290.644,1,1
35.641,9.187,361.755,4602.805,1,0
31.595,2.119,398.627,3897.73,0,0
39.203,9.312,372.634,5347.562,2,1
31.737,8.389,439.746,5086.698,1,0
32.769,7.963,418.227,5355.669,0,0
25.552,7.223,402.115,5191.577,0,0
32.738,10.248,425.274,5506.241,0,0
22.881,9.895,383.074,6447.306,0,0
27.08,6.454,410.87,5568.103,1,0
38.802,8.814,403.996,3950.345,0,0
38.929,6.057,405.28,6362.563,2,0
37.127,5.241,425.447,6640.615,0,0
30.165,6.747,414.65,8152.057,0,0
34.761,9.725,405.774,3876.506,2,0
34.982,9.906,366.902,5242.882,3,1
29.208,9.026,380.799,2917.901,0,0
42.517,9.45,397.546,5553.149,2,0
39.387,9.032,401.867,4451.8,1,0
33.895,6.717,377.396,6923.446,1,1
35.134,8.864,448.234,4225.385,2,0
36.042,9.601,430.328,3310.817,1,0
24.791,9.509,412.042,4528.736,2,1
33.764,10.378,401.441,3024.512,1,0
31.59,9.417,395.756,5751.099,1,0
29.992,8.703,380.962,2934.917,1,0
33.594,10.14,401.55,5028.458,0,0
43.988,7.947,405.155,2922.188,2,0
38.204,6.236,375.165,4679.702,2,0
32.144,7.674,406.684,6643.378,0,0
37.863,6.51,396.895,5360.648,1,0
